{"cameraMode":{"drawMode":0,"name":"Shaded","section":"Shading Mode"},"sceneLighting":false,"audioPlay":false,"sceneViewState":{"m_AlwaysRefresh":false,"showFog":true,"showSkybox":false,"showFlares":true,"showImageEffects":true,"showParticleSystems":true,"showVisualEffectGraphs":true,"m_FxEnabled":true},"in2DMode":false,"pivot":{"x":0.07208013534545899,"y":0.04528003931045532,"z":0.015002727508544922},"rotation":{"x":0.15593278408050538,"y":0.10118995606899262,"z":-0.015679512172937394,"w":0.982824981212616},"size":0.8618829250335693,"orthographic":false}