{"cameraMode":{"drawMode":0,"name":"Shaded","section":"Shading Mode"},"sceneLighting":false,"audioPlay":false,"sceneViewState":{"m_AlwaysRefresh":false,"showFog":true,"showSkybox":false,"showFlares":true,"showImageEffects":true,"showParticleSystems":true,"showVisualEffectGraphs":true,"m_FxEnabled":true},"in2DMode":false,"pivot":{"x":-0.05578671023249626,"y":0.36333879828453066,"z":-0.3482391834259033},"rotation":{"x":0.22431311011314393,"y":0.4525308907032013,"z":-0.11831959336996079,"w":0.8553626537322998},"size":0.8618829250335693,"orthographic":false}